<?xml version="1.0" encoding="UTF-8"?>
<project-private xmlns="http://www.netbeans.org/ns/project-private/1">
    <editor-bookmarks xmlns="http://www.netbeans.org/ns/editor-bookmarks/2" lastBookmarkId="0"/>
    <open-files xmlns="http://www.netbeans.org/ns/projectui-open-files/2">
        <group>
            <file>file:/C:/Users/dany/Desktop/LexicoTeoria/src/lexicoteoria/Analizador.java</file>
            <file>file:/C:/Users/dany/Desktop/LexicoTeoria/src/lexicoteoria/Grafica.java</file>
            <file>file:/C:/Users/dany/Desktop/LexicoTeoria/src/lexicoteoria/LexicoTeoria.java</file>
            <file>file:/C:/Users/dany/Desktop/LexicoTeoria/src/lexicoteoria/Lexico.java</file>
        </group>
    </open-files>
</project-private>
